{
  "project_info": {
    "project_number": "566040367277",
    "project_id": "todoapp-1b127",
    "storage_bucket": "todoapp-1b127.firebasestorage.app"
  },
  "client": [
    {
      "client_info": {
        "mobilesdk_app_id": "1:566040367277:android:fcf0b54fac0b3d01d57624",
        "android_client_info": {
          "package_name": "TodoApp1.a.a"
        }
      },
      "oauth_client": [],
      "api_key": [
        {
          "current_key": "AIzaSyD3b01PXrmMgK6l7JZi_Zcdw1o4AMRhYjI"
        }
      ],
      "services": {
        "appinvite_service": {
          "other_platform_oauth_client": []
        }
      }
    }
  ],
  "configuration_version": "1"
}